Test Name,Status,Config Pass Count,Config Fail Count,Test Pass Count,Test Fail Count,Test Skip Count,
com.agilysys.qa.gridIron.service.account.TestReservationRoutingRuleAndTransfer.beforeSuite,CONFIG PASS,1,0,0,0,0,
com.agilysys.qa.gridIron.features.TestReservationBookingNotice.beforeClass,CONFIG FAIL,1,1,0,0,0,
com.agilysys.qa.gridIron.features.TestLostAndFoundSettings.beforeClass,CONFIG FAIL,1,2,0,0,0,
com.agilysys.qa.gridIron.features.TestReservationBookingNotice.testCreateNoticeAndUpdateNotice,TEST SKIPPED,1,2,0,0,1,
com.agilysys.qa.gridIron.features.TestLostAndFoundSettings.testCreateLocationAndUpdateLocation,TEST SKIPPED,1,2,0,0,2,
com.agilysys.qa.gridIron.features.TestReservationBookingNotice.wrapperAfterMethod,CONFIG PASS,2,2,0,0,2,
com.agilysys.qa.gridIron.features.TestLostAndFoundSettings.wrapperAfterMethod,CONFIG PASS,3,2,0,0,2,
com.agilysys.qa.gridIron.features.TestReservationBookingNotice.defaultAfterClass,CONFIG PASS,4,2,0,0,2,
com.agilysys.qa.gridIron.features.TestLostAndFoundSettings.testCreateTypeAndUpdateType,TEST SKIPPED,4,2,0,0,3,
com.agilysys.qa.gridIron.features.TestLostAndFoundSettings.wrapperAfterMethod,CONFIG PASS,5,2,0,0,3,
com.agilysys.qa.gridIron.features.TestLostAndFoundSettings.defaultAfterClass,CONFIG PASS,6,2,0,0,3,
com.agilysys.qa.gridIron.service.rate.TestCreateRatePlans.beforeClass,CONFIG FAIL,6,3,0,0,3,
com.agilysys.qa.gridIron.service.rate.TestCreateRatePlans.testCreatePackageRatePlan,TEST SKIPPED,6,3,0,0,4,
com.agilysys.qa.gridIron.service.rate.TestCreateRatePlans.wrapperAfterMethod,CONFIG PASS,7,3,0,0,4,
com.agilysys.qa.gridIron.service.rate.TestCreateRatePlans.testRatePlanCreate,TEST SKIPPED,7,3,0,0,5,
com.agilysys.qa.gridIron.service.rate.TestCreateRatePlans.wrapperAfterMethod,CONFIG PASS,8,3,0,0,5,
com.agilysys.qa.gridIron.service.rate.TestCreateRatePlans.defaultAfterClass,CONFIG PASS,9,3,0,0,5,
com.agilysys.qa.gridIron.service.profile.TestCreateGroups.beforeClass,CONFIG FAIL,9,4,0,0,5,
com.agilysys.qa.gridIron.service.profile.TestCreateGroups.testCreateDefiniteGroup,TEST SKIPPED,9,4,0,0,6,
com.agilysys.qa.gridIron.service.profile.TestCreateGroups.wrapperAfterMethod,CONFIG PASS,10,4,0,0,6,
com.agilysys.qa.gridIron.service.profile.TestCreateGroups.testCreateInquiryGroup,TEST SKIPPED,10,4,0,0,7,
com.agilysys.qa.gridIron.service.profile.TestCreateGroups.wrapperAfterMethod,CONFIG PASS,11,4,0,0,7,
com.agilysys.qa.gridIron.service.profile.TestCreateGroups.testCreateProspectGroup,TEST SKIPPED,11,4,0,0,8,
com.agilysys.qa.gridIron.service.profile.TestCreateGroups.wrapperAfterMethod,CONFIG PASS,12,4,0,0,8,
com.agilysys.qa.gridIron.service.profile.TestCreateGroups.testCreateTentativeGroup,TEST SKIPPED,12,4,0,0,9,
com.agilysys.qa.gridIron.service.profile.TestCreateGroups.wrapperAfterMethod,CONFIG PASS,13,4,0,0,9,
com.agilysys.qa.gridIron.service.profile.TestCreateGroups.defaultAfterClass,CONFIG PASS,14,4,0,0,9,
com.agilysys.qa.gridIron.service.group.TestGroupReservations.beforeClass,CONFIG FAIL,14,5,0,0,9,
com.agilysys.qa.gridIron.service.group.TestGroupReservations.testCreateReservationWithAutoCreate,TEST SKIPPED,14,5,0,0,10,
com.agilysys.qa.gridIron.service.group.TestGroupReservations.wrapperAfterMethod,CONFIG PASS,15,5,0,0,10,
com.agilysys.qa.gridIron.service.group.TestGroupReservations.testCreateReservationWithCreateButton,TEST SKIPPED,15,5,0,0,11,
com.agilysys.qa.gridIron.service.group.TestGroupReservations.wrapperAfterMethod,CONFIG PASS,16,5,0,0,11,
com.agilysys.qa.gridIron.service.group.TestGroupReservations.testCreateReservationWithMakeButton,TEST SKIPPED,16,5,0,0,12,
com.agilysys.qa.gridIron.service.group.TestGroupReservations.wrapperAfterMethod,CONFIG PASS,17,5,0,0,12,
com.agilysys.qa.gridIron.service.group.TestGroupReservations.defaultAfterClass,CONFIG PASS,18,5,0,0,12,
com.agilysys.qa.gridIron.service.account.TestGroupFolios.beforeClass,CONFIG FAIL,18,6,0,0,12,
com.agilysys.qa.gridIron.service.account.TestGroupFolios.testAddCharge,TEST SKIPPED,18,6,0,0,13,
com.agilysys.qa.gridIron.service.account.TestGroupFolios.wrapperAfterMethod,CONFIG PASS,19,6,0,0,13,
com.agilysys.qa.gridIron.service.account.TestGroupFolios.testAddChargeForFutureDatedGroup,TEST SKIPPED,19,6,0,0,14,
com.agilysys.qa.gridIron.service.account.TestGroupFolios.wrapperAfterMethod,CONFIG PASS,20,6,0,0,14,
com.agilysys.qa.gridIron.service.account.TestGroupFolios.testAddCredit,TEST SKIPPED,20,6,0,0,15,
com.agilysys.qa.gridIron.service.account.TestGroupFolios.wrapperAfterMethod,CONFIG PASS,21,6,0,0,15,
com.agilysys.qa.gridIron.service.account.TestGroupFolios.testMakePayment,TEST SKIPPED,21,6,0,0,16,
com.agilysys.qa.gridIron.service.account.TestGroupFolios.wrapperAfterMethod,CONFIG PASS,22,6,0,0,16,
com.agilysys.qa.gridIron.service.account.TestGroupFolios.testTransfer,TEST SKIPPED,22,6,0,0,17,
com.agilysys.qa.gridIron.service.account.TestGroupFolios.wrapperAfterMethod,CONFIG PASS,23,6,0,0,17,
com.agilysys.qa.gridIron.service.account.TestGroupFolios.defaultAfterClass,CONFIG PASS,24,6,0,0,17,
com.agilysys.qa.gridIron.service.account.TestARFolios.beforeClass,CONFIG FAIL,24,7,0,0,17,
com.agilysys.qa.gridIron.service.account.TestARFolios.testAddCharge,TEST SKIPPED,24,7,0,0,18,
com.agilysys.qa.gridIron.service.account.TestARFolios.wrapperAfterMethod,CONFIG PASS,25,7,0,0,18,
com.agilysys.qa.gridIron.service.account.TestARFolios.testAddCredit,TEST SKIPPED,25,7,0,0,19,
com.agilysys.qa.gridIron.service.account.TestARFolios.wrapperAfterMethod,CONFIG PASS,26,7,0,0,19,
com.agilysys.qa.gridIron.service.account.TestARFolios.testCreateProfileWithAR,TEST SKIPPED,26,7,0,0,20,
com.agilysys.qa.gridIron.service.account.TestARFolios.wrapperAfterMethod,CONFIG PASS,27,7,0,0,20,
com.agilysys.qa.gridIron.service.account.TestARFolios.testMakePayment,TEST SKIPPED,27,7,0,0,21,
com.agilysys.qa.gridIron.service.account.TestARFolios.wrapperAfterMethod,CONFIG PASS,28,7,0,0,21,
com.agilysys.qa.gridIron.service.account.TestARFolios.testTransfer,TEST SKIPPED,28,7,0,0,22,
com.agilysys.qa.gridIron.service.account.TestARFolios.wrapperAfterMethod,CONFIG PASS,29,7,0,0,22,
com.agilysys.qa.gridIron.service.account.TestARFolios.defaultAfterClass,CONFIG PASS,30,7,0,0,22,
com.agilysys.qa.gridIron.service.account.TestCreateHouseAccountAndFolios.beforeClass,CONFIG FAIL,30,8,0,0,22,
com.agilysys.qa.gridIron.service.account.TestCreateHouseAccountAndFolios.testAddCharge,TEST SKIPPED,30,8,0,0,23,
com.agilysys.qa.gridIron.service.account.TestCreateHouseAccountAndFolios.wrapperAfterMethod,CONFIG PASS,31,8,0,0,23,
com.agilysys.qa.gridIron.service.account.TestCreateHouseAccountAndFolios.testAddCredit,TEST SKIPPED,31,8,0,0,24,
com.agilysys.qa.gridIron.service.account.TestCreateHouseAccountAndFolios.wrapperAfterMethod,CONFIG PASS,32,8,0,0,24,
com.agilysys.qa.gridIron.service.account.TestCreateHouseAccountAndFolios.testCreateHouseAccount,TEST SKIPPED,32,8,0,0,25,
com.agilysys.qa.gridIron.service.account.TestCreateHouseAccountAndFolios.wrapperAfterMethod,CONFIG PASS,33,8,0,0,25,
com.agilysys.qa.gridIron.service.account.TestCreateHouseAccountAndFolios.testMakePayment,TEST SKIPPED,33,8,0,0,26,
com.agilysys.qa.gridIron.service.account.TestCreateHouseAccountAndFolios.wrapperAfterMethod,CONFIG PASS,34,8,0,0,26,
com.agilysys.qa.gridIron.service.account.TestCreateHouseAccountAndFolios.testTransfer,TEST SKIPPED,34,8,0,0,27,
com.agilysys.qa.gridIron.service.account.TestCreateHouseAccountAndFolios.wrapperAfterMethod,CONFIG PASS,35,8,0,0,27,
com.agilysys.qa.gridIron.service.account.TestCreateHouseAccountAndFolios.defaultAfterClass,CONFIG PASS,36,8,0,0,27,
com.agilysys.qa.gridIron.common.TestSearch.beforeClass,CONFIG FAIL,36,9,0,0,27,
com.agilysys.qa.gridIron.common.TestSearch.testSearchCompanyProfileByCompanyCode,TEST SKIPPED,36,9,0,0,28,
com.agilysys.qa.gridIron.common.TestSearch.wrapperAfterMethod,CONFIG PASS,37,9,0,0,28,
com.agilysys.qa.gridIron.common.TestSearch.testSearchCompanyProfileByCompanyName,TEST SKIPPED,37,9,0,0,29,
com.agilysys.qa.gridIron.common.TestSearch.wrapperAfterMethod,CONFIG PASS,38,9,0,0,29,
com.agilysys.qa.gridIron.common.TestSearch.testSearchGuestProfileByEmail,TEST SKIPPED,38,9,0,0,30,
com.agilysys.qa.gridIron.common.TestSearch.wrapperAfterMethod,CONFIG PASS,39,9,0,0,30,
com.agilysys.qa.gridIron.common.TestSearch.testSearchGuestProfileByFullLastName,TEST SKIPPED,39,9,0,0,31,
com.agilysys.qa.gridIron.common.TestSearch.wrapperAfterMethod,CONFIG PASS,40,9,0,0,31,
com.agilysys.qa.gridIron.common.TestSearch.testSearchGuestProfileByFullName,TEST SKIPPED,40,9,0,0,32,
com.agilysys.qa.gridIron.common.TestSearch.wrapperAfterMethod,CONFIG PASS,41,9,0,0,32,
com.agilysys.qa.gridIron.common.TestSearch.testSearchGuestProfileByPartialFirstName,TEST SKIPPED,41,9,0,0,33,
com.agilysys.qa.gridIron.common.TestSearch.wrapperAfterMethod,CONFIG PASS,42,9,0,0,33,
com.agilysys.qa.gridIron.common.TestSearch.testSearchGuestProfileByPartialLastName,TEST SKIPPED,42,9,0,0,34,
com.agilysys.qa.gridIron.common.TestSearch.wrapperAfterMethod,CONFIG PASS,43,9,0,0,34,
com.agilysys.qa.gridIron.common.TestSearch.testSearchGuestProfileByPhoneNumber,TEST SKIPPED,43,9,0,0,35,
com.agilysys.qa.gridIron.common.TestSearch.wrapperAfterMethod,CONFIG PASS,44,9,0,0,35,
com.agilysys.qa.gridIron.common.TestSearch.testSearchGuestProfileWByFullFirstName,TEST SKIPPED,44,9,0,0,36,
com.agilysys.qa.gridIron.common.TestSearch.wrapperAfterMethod,CONFIG PASS,45,9,0,0,36,
com.agilysys.qa.gridIron.common.TestSearch.testSearchReservationByConfirmationNumber,TEST SKIPPED,45,9,0,0,37,
com.agilysys.qa.gridIron.common.TestSearch.wrapperAfterMethod,CONFIG PASS,46,9,0,0,37,
com.agilysys.qa.gridIron.common.TestSearch.testSearchReservationByFirstName,TEST SKIPPED,46,9,0,0,38,
com.agilysys.qa.gridIron.common.TestSearch.wrapperAfterMethod,CONFIG PASS,47,9,0,0,38,
com.agilysys.qa.gridIron.common.TestSearch.testSearchReservationByFullName,TEST SKIPPED,47,9,0,0,39,
com.agilysys.qa.gridIron.common.TestSearch.wrapperAfterMethod,CONFIG PASS,48,9,0,0,39,
com.agilysys.qa.gridIron.common.TestSearch.testSearchReservationByLastName,TEST SKIPPED,48,9,0,0,40,
com.agilysys.qa.gridIron.common.TestSearch.wrapperAfterMethod,CONFIG PASS,49,9,0,0,40,
com.agilysys.qa.gridIron.common.TestSearch.testSearchReservationByPartialConfirmationNumber,TEST SKIPPED,49,9,0,0,41,
com.agilysys.qa.gridIron.common.TestSearch.wrapperAfterMethod,CONFIG PASS,50,9,0,0,41,
com.agilysys.qa.gridIron.common.TestSearch.testSearchRoomByFirstName,TEST SKIPPED,50,9,0,0,42,
com.agilysys.qa.gridIron.common.TestSearch.wrapperAfterMethod,CONFIG PASS,51,9,0,0,42,
com.agilysys.qa.gridIron.common.TestSearch.testSearchRoomByFullName,TEST SKIPPED,51,9,0,0,43,
com.agilysys.qa.gridIron.common.TestSearch.wrapperAfterMethod,CONFIG PASS,52,9,0,0,43,
com.agilysys.qa.gridIron.common.TestSearch.testSearchRoomByLastName,TEST SKIPPED,52,9,0,0,44,
com.agilysys.qa.gridIron.common.TestSearch.wrapperAfterMethod,CONFIG PASS,53,9,0,0,44,
com.agilysys.qa.gridIron.common.TestSearch.testSearchRoomByRoomNumber,TEST SKIPPED,53,9,0,0,45,
com.agilysys.qa.gridIron.common.TestSearch.wrapperAfterMethod,CONFIG PASS,54,9,0,0,45,
com.agilysys.qa.gridIron.common.TestSearch.defaultAfterClass,CONFIG PASS,55,9,0,0,45,
com.agilysys.qa.gridIron.service.reservation.TestModifyStayforCashReservation.beforeClass,CONFIG FAIL,55,10,0,0,45,
com.agilysys.qa.gridIron.service.reservation.TestModifyStayforCCReservation.beforeClass,CONFIG FAIL,55,11,0,0,45,
com.agilysys.qa.gridIron.service.reservation.TestModifyStayforCashReservation.testCancelReservation,TEST SKIPPED,55,11,0,0,46,
com.agilysys.qa.gridIron.service.reservation.TestModifyStayforCCReservation.testCancelReservation,TEST SKIPPED,55,11,0,0,47,
com.agilysys.qa.gridIron.service.reservation.TestModifyStayforCashReservation.wrapperAfterMethod,CONFIG PASS,56,11,0,0,47,
com.agilysys.qa.gridIron.service.reservation.TestModifyStayforCCReservation.wrapperAfterMethod,CONFIG PASS,57,11,0,0,47,
com.agilysys.qa.gridIron.service.reservation.TestModifyStayforCashReservation.testCheckinReservation,TEST SKIPPED,57,11,0,0,48,
com.agilysys.qa.gridIron.service.reservation.TestModifyStayforCCReservation.testCheckinReservation,TEST SKIPPED,57,11,0,0,49,
com.agilysys.qa.gridIron.service.reservation.TestModifyStayforCashReservation.wrapperAfterMethod,CONFIG PASS,58,11,0,0,49,
com.agilysys.qa.gridIron.service.reservation.TestModifyStayforCCReservation.wrapperAfterMethod,CONFIG PASS,59,11,0,0,49,
com.agilysys.qa.gridIron.service.reservation.TestModifyStayforCashReservation.testEarlyCheckoutReservation,TEST SKIPPED,59,11,0,0,50,
com.agilysys.qa.gridIron.service.reservation.TestModifyStayforCCReservation.testEarlyCheckoutReservation,TEST SKIPPED,59,11,0,0,51,
com.agilysys.qa.gridIron.service.reservation.TestModifyStayforCashReservation.wrapperAfterMethod,CONFIG PASS,60,11,0,0,51,
com.agilysys.qa.gridIron.service.reservation.TestModifyStayforCCReservation.wrapperAfterMethod,CONFIG PASS,61,11,0,0,51,
com.agilysys.qa.gridIron.service.reservation.TestModifyStayforCashReservation.testUndoCancelReservation,TEST SKIPPED,61,11,0,0,52,
com.agilysys.qa.gridIron.service.reservation.TestModifyStayforCCReservation.testUndoCancelReservation,TEST SKIPPED,61,11,0,0,53,
com.agilysys.qa.gridIron.service.reservation.TestModifyStayforCashReservation.wrapperAfterMethod,CONFIG PASS,62,11,0,0,53,
com.agilysys.qa.gridIron.service.reservation.TestModifyStayforCashReservation.testUndoCheckinReservation,TEST SKIPPED,63,11,0,0,54,
com.agilysys.qa.gridIron.service.reservation.TestModifyStayforCCReservation.wrapperAfterMethod,CONFIG PASS,63,11,0,0,53,
com.agilysys.qa.gridIron.service.reservation.TestModifyStayforCashReservation.wrapperAfterMethod,CONFIG PASS,64,11,0,0,54,
com.agilysys.qa.gridIron.service.reservation.TestModifyStayforCCReservation.testUndoCheckinReservation,TEST SKIPPED,64,11,0,0,55,
com.agilysys.qa.gridIron.service.reservation.TestModifyStayforCashReservation.testUndoCheckoutReservation,TEST SKIPPED,64,11,0,0,56,
com.agilysys.qa.gridIron.service.reservation.TestModifyStayforCCReservation.wrapperAfterMethod,CONFIG PASS,65,11,0,0,56,
com.agilysys.qa.gridIron.service.reservation.TestModifyStayforCashReservation.wrapperAfterMethod,CONFIG PASS,66,11,0,0,56,
com.agilysys.qa.gridIron.service.reservation.TestModifyStayforCCReservation.testUndoCheckoutReservation,TEST SKIPPED,66,11,0,0,57,
com.agilysys.qa.gridIron.service.reservation.TestModifyStayforCCReservation.wrapperAfterMethod,CONFIG PASS,67,11,0,0,58,
com.agilysys.qa.gridIron.service.reservation.TestModifyStayforCCReservation.testZNoShowCancelReservation,TEST SKIPPED,67,11,0,0,59,
com.agilysys.qa.gridIron.service.reservation.TestModifyStayforCashReservation.testZNoShowCancelReservation,TEST SKIPPED,66,11,0,0,58,
com.agilysys.qa.gridIron.service.reservation.TestModifyStayforCCReservation.wrapperAfterMethod,CONFIG PASS,68,11,0,0,59,
com.agilysys.qa.gridIron.service.reservation.TestModifyStayforCashReservation.wrapperAfterMethod,CONFIG PASS,69,11,0,0,59,
com.agilysys.qa.gridIron.service.reservation.TestModifyStayforCCReservation.defaultAfterClass,CONFIG PASS,70,11,0,0,59,
com.agilysys.qa.gridIron.service.reservation.TestModifyStayforCashReservation.defaultAfterClass,CONFIG PASS,71,11,0,0,59,
com.agilysys.qa.gridIron.service.reservation.TestBookReservationEstimatedCharges.beforeClass,CONFIG FAIL,71,12,0,0,59,
com.agilysys.qa.gridIron.service.reservation.TestBookReservationEstimatedCharges.testAddRecurringChargeInventoryItemEveryN,TEST SKIPPED,71,12,0,0,60,
com.agilysys.qa.gridIron.service.reservation.TestBookReservationEstimatedCharges.wrapperAfterMethod,CONFIG PASS,72,12,0,0,60,
com.agilysys.qa.gridIron.service.reservation.TestBookReservationEstimatedCharges.testAddRecurringChargeInventoryItemFirstNightOnly,TEST SKIPPED,72,12,0,0,61,
com.agilysys.qa.gridIron.service.reservation.TestBookReservationEstimatedCharges.wrapperAfterMethod,CONFIG PASS,73,12,0,0,61,
com.agilysys.qa.gridIron.service.reservation.TestBookReservationEstimatedCharges.testAddRecurringChargeTransactionItemEveryN,TEST SKIPPED,73,12,0,0,62,
com.agilysys.qa.gridIron.service.reservation.TestBookReservationEstimatedCharges.wrapperAfterMethod,CONFIG PASS,74,12,0,0,62,
com.agilysys.qa.gridIron.service.reservation.TestBookReservationEstimatedCharges.testAddRecurringChargeTransactionItemFirstNightOnly,TEST SKIPPED,74,12,0,0,63,
com.agilysys.qa.gridIron.service.reservation.TestBookReservationEstimatedCharges.wrapperAfterMethod,CONFIG PASS,75,12,0,0,63,
com.agilysys.qa.gridIron.service.reservation.TestBookReservationEstimatedCharges.testAddRecurringChargeWithTransactionAndInventoryItem,TEST SKIPPED,75,12,0,0,64,
com.agilysys.qa.gridIron.service.reservation.TestBookReservationEstimatedCharges.wrapperAfterMethod,CONFIG PASS,76,12,0,0,64,
com.agilysys.qa.gridIron.service.reservation.TestBookReservationEstimatedCharges.defaultAfterClass,CONFIG PASS,77,12,0,0,64,
com.agilysys.qa.gridIron.service.reservation.TestBookReservationPaymentMethods.beforeClass,CONFIG FAIL,77,13,0,0,64,
com.agilysys.qa.gridIron.service.reservation.TestBookReservationPaymentMethods.testCreateReservationWithCash40PercentageDeposit,TEST SKIPPED,77,13,0,0,65,
com.agilysys.qa.gridIron.service.reservation.TestBookReservationPaymentMethods.wrapperAfterMethod,CONFIG PASS,78,13,0,0,65,
com.agilysys.qa.gridIron.service.reservation.TestBookReservationPaymentMethods.testCreateReservationWithCreditCardTwoNightDeposit,TEST SKIPPED,78,13,0,0,66,
com.agilysys.qa.gridIron.service.reservation.TestBookReservationPaymentMethods.wrapperAfterMethod,CONFIG PASS,79,13,0,0,66,
com.agilysys.qa.gridIron.service.reservation.TestBookReservationPaymentMethods.testCreateReservationWithDirectBillAndCreditCardFixedFeeDeposit,TEST SKIPPED,79,13,0,0,67,
com.agilysys.qa.gridIron.service.reservation.TestBookReservationPaymentMethods.wrapperAfterMethod,CONFIG PASS,80,13,0,0,67,
com.agilysys.qa.gridIron.service.reservation.TestBookReservationPaymentMethods.testCreateReservationWithExistingGuestWithCash,TEST SKIPPED,80,13,0,0,68,
com.agilysys.qa.gridIron.service.reservation.TestBookReservationPaymentMethods.wrapperAfterMethod,CONFIG PASS,81,13,0,0,68,
com.agilysys.qa.gridIron.service.reservation.TestBookReservationPaymentMethods.testCreateReservationWithExistingGuestWithDirectBill,TEST SKIPPED,81,13,0,0,69,
com.agilysys.qa.gridIron.service.reservation.TestBookReservationPaymentMethods.wrapperAfterMethod,CONFIG PASS,82,13,0,0,69,
com.agilysys.qa.gridIron.service.reservation.TestBookReservationPaymentMethods.testCreateReservationWithExistingGuestWithVisa,TEST SKIPPED,82,13,0,0,70,
com.agilysys.qa.gridIron.service.reservation.TestBookReservationPaymentMethods.wrapperAfterMethod,CONFIG PASS,83,13,0,0,70,
com.agilysys.qa.gridIron.service.reservation.TestBookReservationPaymentMethods.testCreateReservationWithNewGuestWithCash,TEST SKIPPED,83,13,0,0,71,
com.agilysys.qa.gridIron.service.reservation.TestBookReservationPaymentMethods.wrapperAfterMethod,CONFIG PASS,84,13,0,0,71,
com.agilysys.qa.gridIron.service.reservation.TestBookReservationPaymentMethods.testCreateReservationWithNewGuestWithDirectBill,TEST SKIPPED,84,13,0,0,72,
com.agilysys.qa.gridIron.service.reservation.TestBookReservationPaymentMethods.wrapperAfterMethod,CONFIG PASS,85,13,0,0,72,
com.agilysys.qa.gridIron.service.reservation.TestBookReservationPaymentMethods.testCreateReservationWithNewGuestWithVisaOverrideDeposit,TEST SKIPPED,85,13,0,0,73,
com.agilysys.qa.gridIron.service.reservation.TestBookReservationPaymentMethods.wrapperAfterMethod,CONFIG PASS,86,13,0,0,73,
com.agilysys.qa.gridIron.service.reservation.TestBookReservationPaymentMethods.defaultAfterClass,CONFIG PASS,87,13,0,0,73,
com.agilysys.qa.gridIron.service.reservation.TestBookReservation.beforeClass,CONFIG FAIL,87,14,0,0,73,
com.agilysys.qa.gridIron.service.reservation.TestBookReservation.testCreateReservationWithAddress,TEST SKIPPED,87,14,0,0,74,
com.agilysys.qa.gridIron.service.reservation.TestBookReservation.wrapperAfterMethod,CONFIG PASS,88,14,0,0,74,
com.agilysys.qa.gridIron.service.reservation.TestBookReservation.testCreateReservationWithEmail,TEST SKIPPED,88,14,0,0,75,
com.agilysys.qa.gridIron.service.reservation.TestBookReservation.wrapperAfterMethod,CONFIG PASS,89,14,0,0,75,
com.agilysys.qa.gridIron.service.reservation.TestBookReservation.testCreateReservationWithExistingProfileTrackingInfo,TEST SKIPPED,89,14,0,0,76,
com.agilysys.qa.gridIron.service.reservation.TestBookReservation.wrapperAfterMethod,CONFIG PASS,90,14,0,0,76,
com.agilysys.qa.gridIron.service.reservation.TestBookReservation.testCreateReservationWithReservationAlias,TEST SKIPPED,90,14,0,0,77,
com.agilysys.qa.gridIron.service.reservation.TestBookReservation.wrapperAfterMethod,CONFIG PASS,91,14,0,0,77,
com.agilysys.qa.gridIron.service.reservation.TestBookReservation.testCreateReservationWithThirdPartyDetails,TEST SKIPPED,91,14,0,0,78,
com.agilysys.qa.gridIron.service.reservation.TestBookReservation.wrapperAfterMethod,CONFIG PASS,92,14,0,0,78,
com.agilysys.qa.gridIron.service.reservation.TestBookReservation.testCreateReservationWithTrackingInfo,TEST SKIPPED,92,14,0,0,79,
com.agilysys.qa.gridIron.service.reservation.TestBookReservation.wrapperAfterMethod,CONFIG PASS,93,14,0,0,79,
com.agilysys.qa.gridIron.service.reservation.TestBookReservation.testCreateReservationWithTrackingInfoSaveToProfile,TEST SKIPPED,93,14,0,0,80,
com.agilysys.qa.gridIron.service.reservation.TestBookReservation.wrapperAfterMethod,CONFIG PASS,94,14,0,0,80,
com.agilysys.qa.gridIron.service.reservation.TestBookReservation.testCreateReservationWithTravelAgent,TEST SKIPPED,94,14,0,0,81,
com.agilysys.qa.gridIron.service.reservation.TestBookReservation.wrapperAfterMethod,CONFIG PASS,95,14,0,0,81,
com.agilysys.qa.gridIron.service.reservation.TestBookReservation.testCreateWalkInReservation,TEST SKIPPED,95,14,0,0,82,
com.agilysys.qa.gridIron.service.reservation.TestBookReservation.wrapperAfterMethod,CONFIG PASS,96,14,0,0,82,
com.agilysys.qa.gridIron.service.reservation.TestBookReservation.defaultAfterClass,CONFIG PASS,97,14,0,0,82,
com.agilysys.qa.gridIron.service.reservation.TestBookReservationWithDifferentRates.beforeClass,CONFIG FAIL,97,15,0,0,82,
com.agilysys.qa.gridIron.service.reservation.TestBookReservationWithDifferentRates.testCreateReservationWithAdjustedRate,TEST SKIPPED,97,15,0,0,83,
com.agilysys.qa.gridIron.service.reservation.TestBookReservationWithDifferentRates.wrapperAfterMethod,CONFIG PASS,98,15,0,0,83,
com.agilysys.qa.gridIron.service.reservation.TestBookReservationWithDifferentRates.testCreateReservationWithCompRate,TEST SKIPPED,98,15,0,0,84,
com.agilysys.qa.gridIron.service.reservation.TestBookReservationWithDifferentRates.wrapperAfterMethod,CONFIG PASS,99,15,0,0,84,
com.agilysys.qa.gridIron.service.reservation.TestBookReservationWithDifferentRates.testCreateReservationWithPackageRatePlan,TEST SKIPPED,99,15,0,0,85,
com.agilysys.qa.gridIron.service.reservation.TestBookReservationWithDifferentRates.wrapperAfterMethod,CONFIG PASS,100,15,0,0,85,
com.agilysys.qa.gridIron.service.reservation.TestBookReservationWithDifferentRates.testCreateReservationWithPackageRatePlanAdjustedRate,TEST SKIPPED,100,15,0,0,86,
com.agilysys.qa.gridIron.service.reservation.TestBookReservationWithDifferentRates.wrapperAfterMethod,CONFIG PASS,101,15,0,0,86,
com.agilysys.qa.gridIron.service.reservation.TestBookReservationWithDifferentRates.testCreateReservationWithPackageRatePlanAndRegularRatePlan,TEST SKIPPED,101,15,0,0,87,
com.agilysys.qa.gridIron.service.reservation.TestBookReservationWithDifferentRates.wrapperAfterMethod,CONFIG PASS,102,15,0,0,87,
com.agilysys.qa.gridIron.service.reservation.TestBookReservationWithDifferentRates.testCreateReservationWithPackageRatePlanCompRate,TEST SKIPPED,102,15,0,0,88,
com.agilysys.qa.gridIron.service.reservation.TestBookReservationWithDifferentRates.wrapperAfterMethod,CONFIG PASS,103,15,0,0,88,
com.agilysys.qa.gridIron.service.reservation.TestBookReservationWithDifferentRates.testCreateReservationWithPackageRatePlanIssueComp,TEST SKIPPED,103,15,0,0,89,
com.agilysys.qa.gridIron.service.reservation.TestBookReservationWithDifferentRates.wrapperAfterMethod,CONFIG PASS,104,15,0,0,89,
com.agilysys.qa.gridIron.service.reservation.TestBookReservationWithDifferentRates.testCreateReservationWithPackageRatePlanRedeemComp,TEST SKIPPED,104,15,0,0,90,
com.agilysys.qa.gridIron.service.reservation.TestBookReservationWithDifferentRates.wrapperAfterMethod,CONFIG PASS,105,15,0,0,90,
com.agilysys.qa.gridIron.service.reservation.TestBookReservationWithDifferentRates.testCreateReservationWithRegularRatePlanIssueComp,TEST SKIPPED,105,15,0,0,91,
com.agilysys.qa.gridIron.service.reservation.TestBookReservationWithDifferentRates.wrapperAfterMethod,CONFIG PASS,106,15,0,0,91,
com.agilysys.qa.gridIron.service.reservation.TestBookReservationWithDifferentRates.testCreateReservationWithRegularRatePlanRedeemComp,TEST SKIPPED,106,15,0,0,92,
com.agilysys.qa.gridIron.service.reservation.TestBookReservationWithDifferentRates.wrapperAfterMethod,CONFIG PASS,107,15,0,0,92,
com.agilysys.qa.gridIron.service.reservation.TestBookReservationWithDifferentRates.defaultAfterClass,CONFIG PASS,108,15,0,0,92,
com.agilysys.qa.gridIron.service.reservation.TestModifyStayforCheckReservation.beforeClass,CONFIG FAIL,108,16,0,0,92,
com.agilysys.qa.gridIron.service.reservation.TestModifyStayforCheckReservation.testCancelReservation,TEST SKIPPED,108,16,0,0,93,
com.agilysys.qa.gridIron.service.reservation.TestModifyStayforCheckReservation.wrapperAfterMethod,CONFIG PASS,109,16,0,0,93,
com.agilysys.qa.gridIron.service.reservation.TestModifyStayforCheckReservation.testCheckinReservation,TEST SKIPPED,109,16,0,0,94,
com.agilysys.qa.gridIron.service.reservation.TestModifyStayforCheckReservation.wrapperAfterMethod,CONFIG PASS,110,16,0,0,94,
com.agilysys.qa.gridIron.service.reservation.TestModifyStayforCheckReservation.testEarlyCheckoutReservation,TEST SKIPPED,110,16,0,0,95,
com.agilysys.qa.gridIron.service.reservation.TestModifyStayforCheckReservation.wrapperAfterMethod,CONFIG PASS,111,16,0,0,95,
com.agilysys.qa.gridIron.service.reservation.TestModifyStayforCheckReservation.testUndoCancelReservation,TEST SKIPPED,111,16,0,0,96,
com.agilysys.qa.gridIron.service.reservation.TestModifyStayforCheckReservation.wrapperAfterMethod,CONFIG PASS,112,16,0,0,96,
com.agilysys.qa.gridIron.service.reservation.TestModifyStayforCheckReservation.testUndoCheckinReservation,TEST SKIPPED,112,16,0,0,97,
com.agilysys.qa.gridIron.service.reservation.TestModifyStayforCheckReservation.wrapperAfterMethod,CONFIG PASS,113,16,0,0,97,
com.agilysys.qa.gridIron.service.reservation.TestModifyStayforCheckReservation.testUndoCheckoutReservation,TEST SKIPPED,113,16,0,0,98,
com.agilysys.qa.gridIron.service.reservation.TestModifyStayforCheckReservation.wrapperAfterMethod,CONFIG PASS,114,16,0,0,98,
com.agilysys.qa.gridIron.service.reservation.TestModifyStayforCheckReservation.testZNoShowCancelReservation,TEST SKIPPED,114,16,0,0,99,
com.agilysys.qa.gridIron.service.reservation.TestModifyStayforCheckReservation.wrapperAfterMethod,CONFIG PASS,115,16,0,0,99,
com.agilysys.qa.gridIron.service.reservation.TestModifyStayforCheckReservation.defaultAfterClass,CONFIG PASS,116,16,0,0,99,
com.agilysys.qa.gridIron.service.account.TestReservationRoutingRuleAndTransfer.beforeClass,CONFIG FAIL,116,17,0,0,99,
com.agilysys.qa.gridIron.service.account.TestReservationRoutingRuleAndTransfer.testAddRoutingRule,TEST SKIPPED,116,17,0,0,100,
com.agilysys.qa.gridIron.service.account.TestReservationRoutingRuleAndTransfer.wrapperAfterMethod,CONFIG PASS,117,17,0,0,100,
com.agilysys.qa.gridIron.service.account.TestReservationRoutingRuleAndTransfer.testTransfer,TEST SKIPPED,117,17,0,0,101,
com.agilysys.qa.gridIron.service.account.TestReservationRoutingRuleAndTransfer.wrapperAfterMethod,CONFIG PASS,118,17,0,0,101,
com.agilysys.qa.gridIron.service.account.TestReservationRoutingRuleAndTransfer.defaultAfterClass,CONFIG PASS,119,17,0,0,101,
com.agilysys.qa.gridIron.service.reservation.TestReservationSummary.beforeClass,CONFIG FAIL,119,18,0,0,101,
com.agilysys.qa.gridIron.service.reservation.TestReservationSummary.testUpdateReservationAddRemoveLateCheckOut,TEST SKIPPED,119,18,0,0,102,
com.agilysys.qa.gridIron.service.reservation.TestReservationSummary.wrapperAfterMethod,CONFIG PASS,120,18,0,0,102,
com.agilysys.qa.gridIron.service.reservation.TestReservationSummary.testUpdateReservationAddRemoveNRG,TEST SKIPPED,120,18,0,0,103,
com.agilysys.qa.gridIron.service.reservation.TestReservationSummary.wrapperAfterMethod,CONFIG PASS,121,18,0,0,103,
com.agilysys.qa.gridIron.service.reservation.TestReservationSummary.testUpdateReservationAddRemovePet,TEST SKIPPED,121,18,0,0,104,
com.agilysys.qa.gridIron.service.reservation.TestReservationSummary.wrapperAfterMethod,CONFIG PASS,122,18,0,0,104,
com.agilysys.qa.gridIron.service.reservation.TestReservationSummary.testUpdateReservationAddRemoveVIP,TEST SKIPPED,122,18,0,0,105,
com.agilysys.qa.gridIron.service.reservation.TestReservationSummary.wrapperAfterMethod,CONFIG PASS,123,18,0,0,105,
com.agilysys.qa.gridIron.service.reservation.TestReservationSummary.testUpdateReservationBookedBy,TEST SKIPPED,123,18,0,0,106,
com.agilysys.qa.gridIron.service.reservation.TestReservationSummary.wrapperAfterMethod,CONFIG PASS,124,18,0,0,106,
com.agilysys.qa.gridIron.service.reservation.TestReservationSummary.testUpdateReservationWithAliasName,TEST SKIPPED,124,18,0,0,107,
com.agilysys.qa.gridIron.service.reservation.TestReservationSummary.wrapperAfterMethod,CONFIG PASS,125,18,0,0,107,
com.agilysys.qa.gridIron.service.reservation.TestReservationSummary.testUpdateReservationWithTrackingInfoThirdPartyConfirmation,TEST SKIPPED,125,18,0,0,108,
com.agilysys.qa.gridIron.service.reservation.TestReservationSummary.wrapperAfterMethod,CONFIG PASS,126,18,0,0,108,
com.agilysys.qa.gridIron.service.reservation.TestReservationSummary.testUpdateReservationWithTravelAgent,TEST SKIPPED,126,18,0,0,109,
com.agilysys.qa.gridIron.service.reservation.TestReservationSummary.wrapperAfterMethod,CONFIG PASS,127,18,0,0,109,
com.agilysys.qa.gridIron.service.reservation.TestReservationSummary.defaultAfterClass,CONFIG PASS,128,18,0,0,109,
com.agilysys.qa.gridIron.common.TestBatchOperations.beforeClass,CONFIG FAIL,128,19,0,0,109,
com.agilysys.qa.gridIron.common.TestBatchOperations.testBatchCheckinAllReservations,TEST SKIPPED,128,19,0,0,110,
com.agilysys.qa.gridIron.common.TestBatchOperations.wrapperAfterMethod,CONFIG PASS,129,19,0,0,110,
com.agilysys.qa.gridIron.common.TestBatchOperations.testBatchCheckoutAllReservations,TEST SKIPPED,129,19,0,0,111,
com.agilysys.qa.gridIron.common.TestBatchOperations.wrapperAfterMethod,CONFIG PASS,130,19,0,0,111,
com.agilysys.qa.gridIron.common.TestBatchOperations.defaultAfterClass,CONFIG PASS,131,19,0,0,111,
com.agilysys.qa.gridIron.service.profile.TestCreateProfiles.beforeClass,CONFIG FAIL,131,20,0,0,111,
com.agilysys.qa.gridIron.service.profile.TestCreateProfiles.testCreateCompanyProfileWithoutAR,TEST SKIPPED,131,20,0,0,112,
com.agilysys.qa.gridIron.service.profile.TestCreateProfiles.wrapperAfterMethod,CONFIG PASS,132,20,0,0,112,
com.agilysys.qa.gridIron.service.profile.TestCreateProfiles.testCreateGuestProfileWithAddress,TEST SKIPPED,132,20,0,0,113,
com.agilysys.qa.gridIron.service.profile.TestCreateProfiles.wrapperAfterMethod,CONFIG PASS,133,20,0,0,113,
com.agilysys.qa.gridIron.service.profile.TestCreateProfiles.testCreateGuestProfileWithAllFields,TEST SKIPPED,133,20,0,0,114,
com.agilysys.qa.gridIron.service.profile.TestCreateProfiles.wrapperAfterMethod,CONFIG PASS,134,20,0,0,114,
com.agilysys.qa.gridIron.service.profile.TestCreateProfiles.testCreateGuestProfileWithAllPaymentMethods,TEST SKIPPED,134,20,0,0,115,
com.agilysys.qa.gridIron.service.profile.TestCreateProfiles.wrapperAfterMethod,CONFIG PASS,135,20,0,0,115,
com.agilysys.qa.gridIron.service.profile.TestCreateProfiles.testCreateGuestProfileWithEmail,TEST SKIPPED,135,20,0,0,116,
com.agilysys.qa.gridIron.service.profile.TestCreateProfiles.wrapperAfterMethod,CONFIG PASS,136,20,0,0,116,
com.agilysys.qa.gridIron.service.profile.TestCreateProfiles.testCreateGuestProfileWithIdentity,TEST SKIPPED,136,20,0,0,117,
com.agilysys.qa.gridIron.service.profile.TestCreateProfiles.wrapperAfterMethod,CONFIG PASS,137,20,0,0,117,
com.agilysys.qa.gridIron.service.profile.TestCreateProfiles.testCreateGuestProfileWithMarketingDetails,TEST SKIPPED,137,20,0,0,118,
com.agilysys.qa.gridIron.service.profile.TestCreateProfiles.wrapperAfterMethod,CONFIG PASS,138,20,0,0,118,
com.agilysys.qa.gridIron.service.profile.TestCreateProfiles.testCreateGuestProfileWithPhoneNo,TEST SKIPPED,138,20,0,0,119,
com.agilysys.qa.gridIron.service.profile.TestCreateProfiles.wrapperAfterMethod,CONFIG PASS,139,20,0,0,119,
com.agilysys.qa.gridIron.service.profile.TestCreateProfiles.testCreateGuestWithComment,TEST SKIPPED,139,20,0,0,120,
com.agilysys.qa.gridIron.service.profile.TestCreateProfiles.wrapperAfterMethod,CONFIG PASS,140,20,0,0,120,
com.agilysys.qa.gridIron.service.profile.TestCreateProfiles.testCreateProfileSearchIata,TEST SKIPPED,140,20,0,0,121,
com.agilysys.qa.gridIron.service.profile.TestCreateProfiles.wrapperAfterMethod,CONFIG PASS,141,20,0,0,121,
com.agilysys.qa.gridIron.service.profile.TestCreateProfiles.testCreateTAProfileWithoutIATA,TEST SKIPPED,141,20,0,0,122,
com.agilysys.qa.gridIron.service.profile.TestCreateProfiles.wrapperAfterMethod,CONFIG PASS,142,20,0,0,122,
com.agilysys.qa.gridIron.service.profile.TestCreateProfiles.defaultAfterClass,CONFIG PASS,143,20,0,0,122,
com.agilysys.qa.gridIron.service.profile.TestCreateCompanyProfile.beforeClass,CONFIG FAIL,143,21,0,0,122,
com.agilysys.qa.gridIron.service.profile.TestCreateCompanyProfile.testCreateCompanyProfilewithAR,TEST SKIPPED,143,21,0,0,123,
com.agilysys.qa.gridIron.service.profile.TestCreateCompanyProfile.wrapperAfterMethod,CONFIG PASS,144,21,0,0,123,
com.agilysys.qa.gridIron.service.profile.TestCreateCompanyProfile.testCreateCompanyProfilewithAddress,TEST SKIPPED,144,21,0,0,124,
com.agilysys.qa.gridIron.service.profile.TestCreateCompanyProfile.wrapperAfterMethod,CONFIG PASS,145,21,0,0,124,
com.agilysys.qa.gridIron.service.profile.TestCreateCompanyProfile.testCreateCompanyProfilewithAllfields,TEST SKIPPED,145,21,0,0,125,
com.agilysys.qa.gridIron.service.profile.TestCreateCompanyProfile.wrapperAfterMethod,CONFIG PASS,146,21,0,0,125,
com.agilysys.qa.gridIron.service.profile.TestCreateCompanyProfile.testCreateCompanyProfilewithEmail,TEST SKIPPED,146,21,0,0,126,
com.agilysys.qa.gridIron.service.profile.TestCreateCompanyProfile.wrapperAfterMethod,CONFIG PASS,147,21,0,0,126,
com.agilysys.qa.gridIron.service.profile.TestCreateCompanyProfile.testCreateCompanyProfilewithMandatoryfields,TEST SKIPPED,147,21,0,0,127,
com.agilysys.qa.gridIron.service.profile.TestCreateCompanyProfile.wrapperAfterMethod,CONFIG PASS,148,21,0,0,127,
com.agilysys.qa.gridIron.service.profile.TestCreateCompanyProfile.testCreateCompanyProfilewithMarketingDetails,TEST SKIPPED,148,21,0,0,128,
com.agilysys.qa.gridIron.service.profile.TestCreateCompanyProfile.wrapperAfterMethod,CONFIG PASS,149,21,0,0,128,
com.agilysys.qa.gridIron.service.profile.TestCreateCompanyProfile.testCreateCompanyProfilewithPhone,TEST SKIPPED,149,21,0,0,129,
com.agilysys.qa.gridIron.service.profile.TestCreateCompanyProfile.wrapperAfterMethod,CONFIG PASS,150,21,0,0,129,
com.agilysys.qa.gridIron.service.profile.TestCreateCompanyProfile.testCreateCompanyProfilewithSummary,TEST SKIPPED,150,21,0,0,130,
com.agilysys.qa.gridIron.service.profile.TestCreateCompanyProfile.wrapperAfterMethod,CONFIG PASS,151,21,0,0,130,
com.agilysys.qa.gridIron.service.profile.TestCreateCompanyProfile.testUpdateCompanyProfileEmail,TEST SKIPPED,151,21,0,0,131,
com.agilysys.qa.gridIron.service.profile.TestCreateCompanyProfile.wrapperAfterMethod,CONFIG PASS,152,21,0,0,131,
com.agilysys.qa.gridIron.service.profile.TestCreateCompanyProfile.defaultAfterClass,CONFIG PASS,153,21,0,0,131,
com.agilysys.qa.gridIron.service.reservation.TestReservationFolios.beforeClass,CONFIG FAIL,153,22,0,0,131,
com.agilysys.qa.gridIron.service.reservation.TestReservationFolios.testReservationAddInventoryItemCredit,TEST SKIPPED,153,22,0,0,132,
com.agilysys.qa.gridIron.service.reservation.TestReservationFolios.wrapperAfterMethod,CONFIG PASS,154,22,0,0,132,
com.agilysys.qa.gridIron.service.reservation.TestReservationFolios.testReservationAddTransactionItemCredit,TEST SKIPPED,154,22,0,0,133,
com.agilysys.qa.gridIron.service.reservation.TestReservationFolios.wrapperAfterMethod,CONFIG PASS,155,22,0,0,133,
com.agilysys.qa.gridIron.service.reservation.TestReservationFolios.testReservationFolioAddInventoryItemChargeAndAdjustForGuestSatisficationByPercentage,TEST SKIPPED,155,22,0,0,134,
com.agilysys.qa.gridIron.service.reservation.TestReservationFolios.wrapperAfterMethod,CONFIG PASS,156,22,0,0,134,
com.agilysys.qa.gridIron.service.reservation.TestReservationFolios.testReservationFolioAddTransactionItemChargeAndAdjustForGuestSatisficationByAmount,TEST SKIPPED,156,22,0,0,135,
com.agilysys.qa.gridIron.service.reservation.TestReservationFolios.wrapperAfterMethod,CONFIG PASS,157,22,0,0,135,
com.agilysys.qa.gridIron.service.reservation.TestReservationFolios.testReservationFolioCorrectChargeDecreaseChargeBy10Dollar,TEST SKIPPED,157,22,0,0,136,
com.agilysys.qa.gridIron.service.reservation.TestReservationFolios.wrapperAfterMethod,CONFIG PASS,158,22,0,0,136,
com.agilysys.qa.gridIron.service.reservation.TestReservationFolios.testReservationFolioCorrectChargeIncreaseBy10Percentage,TEST SKIPPED,158,22,0,0,137,
com.agilysys.qa.gridIron.service.reservation.TestReservationFolios.wrapperAfterMethod,CONFIG PASS,159,22,0,0,137,
com.agilysys.qa.gridIron.service.reservation.TestReservationFolios.testReservationMakeCashPaymentToDefaultFolioAndRefund,TEST SKIPPED,159,22,0,0,138,
com.agilysys.qa.gridIron.service.reservation.TestReservationFolios.wrapperAfterMethod,CONFIG PASS,160,22,0,0,138,
com.agilysys.qa.gridIron.service.reservation.TestReservationFolios.testReservationMakePaymentWithExistingCardPaymentMethodAndRefund,TEST SKIPPED,160,22,0,0,139,
com.agilysys.qa.gridIron.service.reservation.TestReservationFolios.wrapperAfterMethod,CONFIG PASS,161,22,0,0,139,
com.agilysys.qa.gridIron.service.reservation.TestReservationFolios.testReservationMakePaymentWithNewCardToNonDefaultFolio,TEST SKIPPED,161,22,0,0,140,
com.agilysys.qa.gridIron.service.reservation.TestReservationFolios.wrapperAfterMethod,CONFIG PASS,162,22,0,0,140,
com.agilysys.qa.gridIron.service.reservation.TestReservationFolios.defaultAfterClass,CONFIG PASS,163,22,0,0,140,
com.agilysys.qa.gridIron.service.reservation.TestReservationPaymentMethods.beforeClass,CONFIG FAIL,163,23,0,0,140,
com.agilysys.qa.gridIron.service.reservation.TestReservationPaymentMethods.testReservationAddCheckPaymentMethod,TEST SKIPPED,163,23,0,0,141,
com.agilysys.qa.gridIron.service.reservation.TestReservationPaymentMethods.wrapperAfterMethod,CONFIG PASS,164,23,0,0,141,
com.agilysys.qa.gridIron.service.reservation.TestReservationPaymentMethods.testReservationAddCreditCardPaymentMethod,TEST SKIPPED,164,23,0,0,142,
com.agilysys.qa.gridIron.service.reservation.TestReservationPaymentMethods.wrapperAfterMethod,CONFIG PASS,165,23,0,0,142,
com.agilysys.qa.gridIron.service.reservation.TestReservationPaymentMethods.testReservationAddDirectBillPaymentMethod,TEST SKIPPED,165,23,0,0,143,
com.agilysys.qa.gridIron.service.reservation.TestReservationPaymentMethods.wrapperAfterMethod,CONFIG PASS,166,23,0,0,143,
com.agilysys.qa.gridIron.service.reservation.TestReservationPaymentMethods.testReservationDeletePaymentMethod,TEST SKIPPED,166,23,0,0,144,
com.agilysys.qa.gridIron.service.reservation.TestReservationPaymentMethods.wrapperAfterMethod,CONFIG PASS,167,23,0,0,144,
com.agilysys.qa.gridIron.service.reservation.TestReservationPaymentMethods.testReservationSaveAsThirdPaymentMethod,TEST SKIPPED,167,23,0,0,145,
com.agilysys.qa.gridIron.service.reservation.TestReservationPaymentMethods.wrapperAfterMethod,CONFIG PASS,168,23,0,0,145,
com.agilysys.qa.gridIron.service.reservation.TestReservationPaymentMethods.testReservationSaveDoNotDisClosePaymentMethod,TEST SKIPPED,168,23,0,0,146,
com.agilysys.qa.gridIron.service.reservation.TestReservationPaymentMethods.wrapperAfterMethod,CONFIG PASS,169,23,0,0,146,
com.agilysys.qa.gridIron.service.reservation.TestReservationPaymentMethods.testReservationSavePaymentMethodToGuestAsDefault,TEST SKIPPED,169,23,0,0,147,
com.agilysys.qa.gridIron.service.reservation.TestReservationPaymentMethods.wrapperAfterMethod,CONFIG PASS,170,23,0,0,147,
com.agilysys.qa.gridIron.service.reservation.TestReservationPaymentMethods.testReservationSavePaymentMethodToReservationAsDefault,TEST SKIPPED,170,23,0,0,148,
com.agilysys.qa.gridIron.service.reservation.TestReservationPaymentMethods.wrapperAfterMethod,CONFIG PASS,171,23,0,0,148,
com.agilysys.qa.gridIron.service.reservation.TestReservationPaymentMethods.testReservationUpdatePaymentMethodSetAsDefault,TEST SKIPPED,171,23,0,0,149,
com.agilysys.qa.gridIron.service.reservation.TestReservationPaymentMethods.wrapperAfterMethod,CONFIG PASS,172,23,0,0,149,
com.agilysys.qa.gridIron.service.servicerequest.TestInventoryBlock.beforeClass,CONFIG FAIL,172,24,0,0,149,
com.agilysys.qa.gridIron.service.reservation.TestReservationPaymentMethods.defaultAfterClass,CONFIG PASS,173,24,0,0,149,
com.agilysys.qa.gridIron.service.servicerequest.TestInventoryBlock.testClearInventoryBlock,TEST SKIPPED,173,24,0,0,150,
com.agilysys.qa.gridIron.service.servicerequest.TestInventoryBlock.wrapperAfterMethod,CONFIG PASS,174,24,0,0,150,
com.agilysys.qa.gridIron.service.servicerequest.TestInventoryBlock.testCreateInventoryBlockHold,TEST SKIPPED,174,24,0,0,151,
com.agilysys.qa.gridIron.service.servicerequest.TestInventoryBlock.wrapperAfterMethod,CONFIG PASS,175,24,0,0,151,
com.agilysys.qa.gridIron.service.servicerequest.TestInventoryBlock.testCreateInventoryBlockOOO,TEST SKIPPED,175,24,0,0,152,
com.agilysys.qa.gridIron.service.servicerequest.TestInventoryBlock.wrapperAfterMethod,CONFIG PASS,176,24,0,0,152,
com.agilysys.qa.gridIron.service.servicerequest.TestInventoryBlock.testCreateInventoryBlockOTM,TEST SKIPPED,176,24,0,0,153,
com.agilysys.qa.gridIron.service.servicerequest.TestInventoryBlock.wrapperAfterMethod,CONFIG PASS,177,24,0,0,153,
com.agilysys.qa.gridIron.service.servicerequest.TestInventoryBlock.testCreateInventoryBlockWithoutEndDate,TEST SKIPPED,177,24,0,0,154,
com.agilysys.qa.gridIron.service.servicerequest.TestInventoryBlock.wrapperAfterMethod,CONFIG PASS,178,24,0,0,154,
com.agilysys.qa.gridIron.service.servicerequest.TestInventoryBlock.testUpdateInventoryBlock,TEST SKIPPED,178,24,0,0,155,
com.agilysys.qa.gridIron.service.servicerequest.TestInventoryBlock.wrapperAfterMethod,CONFIG PASS,179,24,0,0,155,
com.agilysys.qa.gridIron.service.servicerequest.TestInventoryBlock.defaultAfterClass,CONFIG PASS,180,24,0,0,155,
com.agilysys.qa.gridIron.service.reservation.TestReservationRoomAssignment.beforeClass,CONFIG FAIL,180,25,0,0,155,
com.agilysys.qa.gridIron.service.reservation.TestReservationRoomAssignment.testReservationAssignAndReleaseRoom,TEST SKIPPED,180,25,0,0,156,
com.agilysys.qa.gridIron.service.reservation.TestReservationRoomAssignment.wrapperAfterMethod,CONFIG PASS,181,25,0,0,156,
com.agilysys.qa.gridIron.service.reservation.TestReservationRoomAssignment.testReservationAssignRoomFromOtherMatchingSection,TEST SKIPPED,181,25,0,0,157,
com.agilysys.qa.gridIron.service.reservation.TestReservationRoomAssignment.wrapperAfterMethod,CONFIG PASS,182,25,0,0,157,
com.agilysys.qa.gridIron.service.reservation.TestReservationRoomAssignment.testReservationAssignWithDoNotMoveFlag,TEST SKIPPED,182,25,0,0,158,
com.agilysys.qa.gridIron.service.reservation.TestReservationRoomAssignment.wrapperAfterMethod,CONFIG PASS,183,25,0,0,158,
com.agilysys.qa.gridIron.service.reservation.TestReservationRoomAssignment.testReservationReleaseUnconfirmedRoom,TEST SKIPPED,183,25,0,0,159,
com.agilysys.qa.gridIron.service.reservation.TestReservationRoomAssignment.wrapperAfterMethod,CONFIG PASS,184,25,0,0,159,
com.agilysys.qa.gridIron.service.reservation.TestReservationRoomAssignment.testReservationUpgradeRoom,TEST SKIPPED,184,25,0,0,160,
com.agilysys.qa.gridIron.service.reservation.TestReservationRoomAssignment.wrapperAfterMethod,CONFIG PASS,185,25,0,0,160,
com.agilysys.qa.gridIron.service.reservation.TestReservationRoomAssignment.defaultAfterClass,CONFIG PASS,186,25,0,0,160,
com.agilysys.qa.gridIron.service.reservation.TestReservationModifyStayRegularRatePlan.beforeClass,CONFIG FAIL,186,26,0,0,160,
com.agilysys.qa.gridIron.service.reservation.TestReservationModifyStayRegularRatePlan.testModifyStayRegularRatePlanByAdjustRate,TEST SKIPPED,186,26,0,0,161,
com.agilysys.qa.gridIron.service.reservation.TestReservationModifyStayRegularRatePlan.wrapperAfterMethod,CONFIG PASS,187,26,0,0,161,
com.agilysys.qa.gridIron.service.reservation.TestReservationModifyStayRegularRatePlan.testModifyStayRegularRatePlanByChangeToAnotherDates,TEST SKIPPED,187,26,0,0,162,
com.agilysys.qa.gridIron.service.reservation.TestReservationModifyStayRegularRatePlan.wrapperAfterMethod,CONFIG PASS,188,26,0,0,162,
com.agilysys.qa.gridIron.service.reservation.TestReservationModifyStayRegularRatePlan.testModifyStayRegularRatePlanByChangingRoomType,TEST SKIPPED,188,26,0,0,163,
com.agilysys.qa.gridIron.service.reservation.TestReservationModifyStayRegularRatePlan.wrapperAfterMethod,CONFIG PASS,189,26,0,0,163,
com.agilysys.qa.gridIron.service.reservation.TestReservationModifyStayRegularRatePlan.testModifyStayRegularRatePlanByShorteningDates,TEST SKIPPED,189,26,0,0,164,
com.agilysys.qa.gridIron.service.reservation.TestReservationModifyStayRegularRatePlan.wrapperAfterMethod,CONFIG PASS,190,26,0,0,164,
com.agilysys.qa.gridIron.service.reservation.TestReservationModifyStayRegularRatePlan.testModifyStayRegularRatePlanByUpdatingCompanyDetails,TEST SKIPPED,190,26,0,0,165,
com.agilysys.qa.gridIron.service.reservation.TestReservationModifyStayRegularRatePlan.wrapperAfterMethod,CONFIG PASS,191,26,0,0,165,
com.agilysys.qa.gridIron.service.reservation.TestReservationModifyStayRegularRatePlan.testModifyStayRegularRatePlanChangeToPackageRatePlan,TEST SKIPPED,191,26,0,0,166,
com.agilysys.qa.gridIron.service.reservation.TestReservationModifyStayRegularRatePlan.wrapperAfterMethod,CONFIG PASS,192,26,0,0,166,
com.agilysys.qa.gridIron.service.reservation.TestReservationModifyStayPackageRatePlan.beforeClass,CONFIG FAIL,192,27,0,0,166,
com.agilysys.qa.gridIron.service.reservation.TestReservationModifyStayRegularRatePlan.testModifyStayRegularRatePlanWithCompRate,TEST SKIPPED,192,27,0,0,167,
com.agilysys.qa.gridIron.service.reservation.TestReservationModifyStayPackageRatePlan.testModifyStayPackageRatePlanByAdjustRate,TEST SKIPPED,192,27,0,0,168,
com.agilysys.qa.gridIron.service.reservation.TestReservationModifyStayRegularRatePlan.wrapperAfterMethod,CONFIG PASS,193,27,0,0,168,
com.agilysys.qa.gridIron.service.reservation.TestReservationModifyStayPackageRatePlan.wrapperAfterMethod,CONFIG PASS,194,27,0,0,168,
com.agilysys.qa.gridIron.service.reservation.TestReservationModifyStayRegularRatePlan.testModifyStayRegularRatePlanWithIssueComp,TEST SKIPPED,194,27,0,0,169,
com.agilysys.qa.gridIron.service.reservation.TestReservationModifyStayPackageRatePlan.testModifyStayPackageRatePlanByChangeToAnotherDates,TEST SKIPPED,194,27,0,0,170,
com.agilysys.qa.gridIron.service.reservation.TestReservationModifyStayRegularRatePlan.wrapperAfterMethod,CONFIG PASS,195,27,0,0,170,
com.agilysys.qa.gridIron.service.reservation.TestReservationModifyStayPackageRatePlan.wrapperAfterMethod,CONFIG PASS,196,27,0,0,170,
com.agilysys.qa.gridIron.service.reservation.TestReservationModifyStayRegularRatePlan.testModifyStayRegularRatePlanWithRecurringChargesByExtendingDates,TEST SKIPPED,196,27,0,0,171,
com.agilysys.qa.gridIron.service.reservation.TestReservationModifyStayPackageRatePlan.testModifyStayPackageRatePlanByChangingRoomType,TEST SKIPPED,196,27,0,0,172,
com.agilysys.qa.gridIron.service.reservation.TestReservationModifyStayRegularRatePlan.wrapperAfterMethod,CONFIG PASS,197,27,0,0,172,
com.agilysys.qa.gridIron.service.reservation.TestReservationModifyStayPackageRatePlan.wrapperAfterMethod,CONFIG PASS,198,27,0,0,172,
com.agilysys.qa.gridIron.service.reservation.TestReservationModifyStayRegularRatePlan.testModifyStayRegularRatePlanWithRedeemComp,TEST SKIPPED,198,27,0,0,173,
com.agilysys.qa.gridIron.service.reservation.TestReservationModifyStayPackageRatePlan.testModifyStayPackageRatePlanByExtendingDates,TEST SKIPPED,198,27,0,0,174,
com.agilysys.qa.gridIron.service.reservation.TestReservationModifyStayRegularRatePlan.wrapperAfterMethod,CONFIG PASS,199,27,0,0,174,
com.agilysys.qa.gridIron.service.reservation.TestReservationModifyStayPackageRatePlan.wrapperAfterMethod,CONFIG PASS,200,27,0,0,174,
com.agilysys.qa.gridIron.service.reservation.TestReservationModifyStayRegularRatePlan.defaultAfterClass,CONFIG PASS,201,27,0,0,174,
com.agilysys.qa.gridIron.service.reservation.TestReservationModifyStayPackageRatePlan.testModifyStayPackageRatePlanByShorteningDates,TEST SKIPPED,201,27,0,0,175,
com.agilysys.qa.gridIron.service.reservation.TestReservationModifyStayPackageRatePlan.wrapperAfterMethod,CONFIG PASS,202,27,0,0,175,
com.agilysys.qa.gridIron.service.reservation.TestReservationModifyStayPackageRatePlan.testModifyStayPackageRatePlanToRegularRatePlan,TEST SKIPPED,202,27,0,0,176,
com.agilysys.qa.gridIron.service.reservation.TestReservationModifyStayPackageRatePlan.wrapperAfterMethod,CONFIG PASS,203,27,0,0,176,
com.agilysys.qa.gridIron.service.reservation.TestReservationModifyStayPackageRatePlan.testModifyStayPackageRatePlanWithCompRate,TEST SKIPPED,203,27,0,0,177,
com.agilysys.qa.gridIron.service.reservation.TestReservationModifyStayPackageRatePlan.wrapperAfterMethod,CONFIG PASS,204,27,0,0,177,
com.agilysys.qa.gridIron.service.reservation.TestReservationModifyStayPackageRatePlan.testModifyStayPackageRatePlanWithIssueComp,TEST SKIPPED,204,27,0,0,178,
com.agilysys.qa.gridIron.service.reservation.TestReservationModifyStayPackageRatePlan.wrapperAfterMethod,CONFIG PASS,205,27,0,0,178,
com.agilysys.qa.gridIron.service.reservation.TestReservationModifyStayPackageRatePlan.testModifyStayPackageRatePlanWithRedeemComp,TEST SKIPPED,205,27,0,0,179,
com.agilysys.qa.gridIron.service.reservation.TestReservationModifyStayPackageRatePlan.wrapperAfterMethod,CONFIG PASS,206,27,0,0,179,
com.agilysys.qa.gridIron.service.reservation.TestReservationModifyStayPackageRatePlan.defaultAfterClass,CONFIG PASS,207,27,0,0,179,
com.agilysys.qa.gridIron.service.servicerequest.TestMTServiceRequest.beforeClass,CONFIG FAIL,207,28,0,0,179,
com.agilysys.qa.gridIron.service.servicerequest.TestMTServiceRequest.testCreateAndUpdateMTRequestFromReservation,TEST SKIPPED,207,28,0,0,180,
com.agilysys.qa.gridIron.service.servicerequest.TestMTServiceRequest.wrapperAfterMethod,CONFIG PASS,208,28,0,0,180,
com.agilysys.qa.gridIron.service.servicerequest.TestMTServiceRequest.testCreateMaintenanceRequestForGeneralArea,TEST SKIPPED,208,28,0,0,181,
com.agilysys.qa.gridIron.service.servicerequest.TestMTServiceRequest.wrapperAfterMethod,CONFIG PASS,209,28,0,0,181,
com.agilysys.qa.gridIron.service.servicerequest.TestMTServiceRequest.testCreateMaintenanceRequestForRoom,TEST SKIPPED,209,28,0,0,182,
com.agilysys.qa.gridIron.service.servicerequest.TestMTServiceRequest.wrapperAfterMethod,CONFIG PASS,210,28,0,0,182,
com.agilysys.qa.gridIron.service.servicerequest.TestMTServiceRequest.testCreateMaintenanceRequestForRoomUnAssigned,TEST SKIPPED,210,28,0,0,183,
com.agilysys.qa.gridIron.service.servicerequest.TestMTServiceRequest.wrapperAfterMethod,CONFIG PASS,211,28,0,0,183,
com.agilysys.qa.gridIron.service.servicerequest.TestMTServiceRequest.testCreateMaintenanceRequestForRoomWithInventoryBlockHold,TEST SKIPPED,211,28,0,0,184,
com.agilysys.qa.gridIron.service.servicerequest.TestMTServiceRequest.wrapperAfterMethod,CONFIG PASS,212,28,0,0,184,
com.agilysys.qa.gridIron.service.servicerequest.TestMTServiceRequest.testCreateMaintenanceRequestForRoomWithInventoryBlockOOO,TEST SKIPPED,212,28,0,0,185,
com.agilysys.qa.gridIron.service.servicerequest.TestMTServiceRequest.wrapperAfterMethod,CONFIG PASS,213,28,0,0,185,
com.agilysys.qa.gridIron.service.servicerequest.TestMTServiceRequest.testCreateMaintenanceRequestForRoomWithInventoryBlockOTM,TEST SKIPPED,213,28,0,0,186,
com.agilysys.qa.gridIron.service.servicerequest.TestMTServiceRequest.wrapperAfterMethod,CONFIG PASS,214,28,0,0,186,
com.agilysys.qa.gridIron.service.servicerequest.TestMTServiceRequest.testCreateMaintenanceRequestForRoomWithMinorSeverity,TEST SKIPPED,214,28,0,0,187,
com.agilysys.qa.gridIron.service.servicerequest.TestMTServiceRequest.wrapperAfterMethod,CONFIG PASS,215,28,0,0,187,
com.agilysys.qa.gridIron.service.servicerequest.TestMTServiceRequest.testCreateMaintenanceRequestForRoomWithNormalSeverity,TEST SKIPPED,215,28,0,0,188,
com.agilysys.qa.gridIron.service.servicerequest.TestMTServiceRequest.wrapperAfterMethod,CONFIG PASS,216,28,0,0,188,
com.agilysys.qa.gridIron.service.servicerequest.TestMTServiceRequest.testCreateMaintenanceRequestForRoomWithUrgentSeverity,TEST SKIPPED,216,28,0,0,189,
com.agilysys.qa.gridIron.service.servicerequest.TestMTServiceRequest.wrapperAfterMethod,CONFIG PASS,217,28,0,0,189,
com.agilysys.qa.gridIron.service.servicerequest.TestMTServiceRequest.testCreateMaintenanceServiceRequestForGeneralAreaFromMaintenancePage,TEST SKIPPED,217,28,0,0,190,
com.agilysys.qa.gridIron.service.servicerequest.TestMTServiceRequest.wrapperAfterMethod,CONFIG PASS,218,28,0,0,190,
com.agilysys.qa.gridIron.service.servicerequest.TestMTServiceRequest.testCreateMaintenanceServiceRequestForRoomFromMaintenancePage,TEST SKIPPED,218,28,0,0,191,
com.agilysys.qa.gridIron.service.servicerequest.TestMTServiceRequest.wrapperAfterMethod,CONFIG PASS,219,28,0,0,191,
com.agilysys.qa.gridIron.service.servicerequest.TestMTServiceRequest.testDeleteMaintenanceRequest,TEST SKIPPED,219,28,0,0,192,
com.agilysys.qa.gridIron.service.servicerequest.TestMTServiceRequest.wrapperAfterMethod,CONFIG PASS,220,28,0,0,192,
com.agilysys.qa.gridIron.service.servicerequest.TestMTServiceRequest.testScheduleMaintenanceRequestForRoom,TEST SKIPPED,220,28,0,0,193,
com.agilysys.qa.gridIron.service.servicerequest.TestMTServiceRequest.wrapperAfterMethod,CONFIG PASS,221,28,0,0,193,
com.agilysys.qa.gridIron.service.servicerequest.TestMTServiceRequest.testUpdateMaintenanceRequestAssignResource,TEST SKIPPED,221,28,0,0,194,
com.agilysys.qa.gridIron.service.servicerequest.TestMTServiceRequest.wrapperAfterMethod,CONFIG PASS,222,28,0,0,194,
com.agilysys.qa.gridIron.service.servicerequest.TestMTServiceRequest.testUpdateMaintenanceRequestChangeService,TEST SKIPPED,222,28,0,0,195,
com.agilysys.qa.gridIron.service.servicerequest.TestMTServiceRequest.wrapperAfterMethod,CONFIG PASS,223,28,0,0,195,
com.agilysys.qa.gridIron.service.servicerequest.TestMTServiceRequest.testUpdateMaintenanceRequestChangeSeverity,TEST SKIPPED,223,28,0,0,196,
com.agilysys.qa.gridIron.service.servicerequest.TestMTServiceRequest.wrapperAfterMethod,CONFIG PASS,224,28,0,0,196,
com.agilysys.qa.gridIron.service.servicerequest.TestMTServiceRequest.testUpdateMaintenanceRequestChangeStatus,TEST SKIPPED,224,28,0,0,197,
com.agilysys.qa.gridIron.service.servicerequest.TestMTServiceRequest.wrapperAfterMethod,CONFIG PASS,225,28,0,0,197,
com.agilysys.qa.gridIron.service.servicerequest.TestMTServiceRequest.defaultAfterClass,CONFIG PASS,226,28,0,0,197,
com.agilysys.qa.gridIron.service.reservation.TestReservationCheckIn.beforeClass,CONFIG FAIL,226,29,0,0,197,
com.agilysys.qa.gridIron.service.reservation.TestReservationCheckIn.testCompPackageReservationCheckInWithExistingCreditCard,TEST SKIPPED,226,29,0,0,198,
com.agilysys.qa.gridIron.service.reservation.TestReservationCheckIn.wrapperAfterMethod,CONFIG PASS,227,29,0,0,198,
com.agilysys.qa.gridIron.service.reservation.TestReservationCheckIn.testCompReservationCheckInWithExistingCreditCard,TEST SKIPPED,227,29,0,0,199,
com.agilysys.qa.gridIron.service.reservation.TestReservationCheckIn.wrapperAfterMethod,CONFIG PASS,228,29,0,0,199,
com.agilysys.qa.gridIron.service.reservation.TestReservationCheckIn.testPackageReservationCheckInWithExistingCreditCard,TEST SKIPPED,228,29,0,0,200,
com.agilysys.qa.gridIron.service.reservation.TestReservationCheckIn.wrapperAfterMethod,CONFIG PASS,229,29,0,0,200,
com.agilysys.qa.gridIron.service.reservation.TestReservationCheckIn.testReservationCheckInWithCash,TEST SKIPPED,229,29,0,0,201,
com.agilysys.qa.gridIron.service.reservation.TestReservationCheckIn.wrapperAfterMethod,CONFIG PASS,230,29,0,0,201,
com.agilysys.qa.gridIron.service.reservation.TestReservationCheckIn.testReservationCheckInWithDirectBill,TEST SKIPPED,230,29,0,0,202,
com.agilysys.qa.gridIron.service.reservation.TestReservationCheckIn.wrapperAfterMethod,CONFIG PASS,231,29,0,0,202,
com.agilysys.qa.gridIron.service.reservation.TestReservationCheckIn.testReservationCheckInWithExistingCreditCard,TEST SKIPPED,231,29,0,0,203,
com.agilysys.qa.gridIron.service.reservation.TestReservationCheckIn.wrapperAfterMethod,CONFIG PASS,232,29,0,0,203,
com.agilysys.qa.gridIron.service.reservation.TestReservationCheckIn.testReservationCheckInWithNewCard,TEST SKIPPED,232,29,0,0,204,
com.agilysys.qa.gridIron.service.reservation.TestReservationCheckIn.wrapperAfterMethod,CONFIG PASS,233,29,0,0,204,
com.agilysys.qa.gridIron.service.reservation.TestReservationCheckIn.testReservationCheckInWithoutAuth,TEST SKIPPED,233,29,0,0,205,
com.agilysys.qa.gridIron.service.reservation.TestReservationCheckIn.wrapperAfterMethod,CONFIG PASS,234,29,0,0,205,
com.agilysys.qa.gridIron.service.reservation.TestReservationCheckIn.defaultAfterClass,CONFIG PASS,235,29,0,0,205,
com.agilysys.qa.gridIron.service.servicerequest.TestHKServiceRequest.beforeClass,CONFIG FAIL,235,30,0,0,205,
com.agilysys.qa.gridIron.service.servicerequest.TestHKServiceRequest.testCreateAndUpdateHKGRequestFromReservation,TEST SKIPPED,235,30,0,0,206,
com.agilysys.qa.gridIron.service.servicerequest.TestHKServiceRequest.wrapperAfterMethod,CONFIG PASS,236,30,0,0,206,
com.agilysys.qa.gridIron.service.servicerequest.TestHKServiceRequest.testCreateAndUpdateHKRequestFromReservation,TEST SKIPPED,236,30,0,0,207,
com.agilysys.qa.gridIron.service.servicerequest.TestHKServiceRequest.wrapperAfterMethod,CONFIG PASS,237,30,0,0,207,
com.agilysys.qa.gridIron.service.servicerequest.TestHKServiceRequest.testCreateHKGServiceRequestForRoom,TEST SKIPPED,237,30,0,0,208,
com.agilysys.qa.gridIron.service.servicerequest.TestHKServiceRequest.wrapperAfterMethod,CONFIG PASS,238,30,0,0,208,
com.agilysys.qa.gridIron.service.servicerequest.TestHKServiceRequest.testCreateHKGServiceRequestForRoomFromHousekeepingHomePage,TEST SKIPPED,238,30,0,0,209,
com.agilysys.qa.gridIron.service.servicerequest.TestHKServiceRequest.wrapperAfterMethod,CONFIG PASS,239,30,0,0,209,
com.agilysys.qa.gridIron.service.servicerequest.TestHKServiceRequest.testCreateHKGServiceRequestForRoomFromMaintenancePage,TEST SKIPPED,239,30,0,0,210,
com.agilysys.qa.gridIron.service.servicerequest.TestHKServiceRequest.wrapperAfterMethod,CONFIG PASS,240,30,0,0,210,
com.agilysys.qa.gridIron.service.servicerequest.TestHKServiceRequest.testCreateHKServiceRequestForRoom,TEST SKIPPED,240,30,0,0,211,
com.agilysys.qa.gridIron.service.servicerequest.TestHKServiceRequest.wrapperAfterMethod,CONFIG PASS,241,30,0,0,211,
com.agilysys.qa.gridIron.service.servicerequest.TestHKServiceRequest.testCreateHKServiceRequestForRoomFromHousekeepingHomePage,TEST SKIPPED,241,30,0,0,212,
com.agilysys.qa.gridIron.service.servicerequest.TestHKServiceRequest.wrapperAfterMethod,CONFIG PASS,242,30,0,0,212,
com.agilysys.qa.gridIron.service.servicerequest.TestHKServiceRequest.testScheduleHKGServiceRequestForRoom,TEST SKIPPED,242,30,0,0,213,
com.agilysys.qa.gridIron.service.servicerequest.TestHKServiceRequest.wrapperAfterMethod,CONFIG PASS,243,30,0,0,213,
com.agilysys.qa.gridIron.service.servicerequest.TestHKServiceRequest.testUpdateHKGServiceRequestChangeStatus,TEST SKIPPED,243,30,0,0,214,
com.agilysys.qa.gridIron.service.servicerequest.TestHKServiceRequest.wrapperAfterMethod,CONFIG PASS,244,30,0,0,214,
com.agilysys.qa.gridIron.service.servicerequest.TestHKServiceRequest.testUpdateHKServiceRequestChangeService,TEST SKIPPED,244,30,0,0,215,
com.agilysys.qa.gridIron.service.servicerequest.TestHKServiceRequest.wrapperAfterMethod,CONFIG PASS,245,30,0,0,215,
com.agilysys.qa.gridIron.service.servicerequest.TestHKServiceRequest.testUpdateHKServiceRequestChangeSeverity,TEST SKIPPED,245,30,0,0,216,
com.agilysys.qa.gridIron.service.servicerequest.TestHKServiceRequest.wrapperAfterMethod,CONFIG PASS,246,30,0,0,216,
com.agilysys.qa.gridIron.service.servicerequest.TestHKServiceRequest.testUpdateHKServiceRequestChangeStatus,TEST SKIPPED,246,30,0,0,217,
com.agilysys.qa.gridIron.service.servicerequest.TestHKServiceRequest.wrapperAfterMethod,CONFIG PASS,247,30,0,0,217,
com.agilysys.qa.gridIron.service.servicerequest.TestHKServiceRequest.defaultAfterClass,CONFIG PASS,248,30,0,0,217,
com.agilysys.qa.gridIron.service.reservation.TestReservationCancel.beforeClass,CONFIG FAIL,248,31,0,0,217,
com.agilysys.qa.gridIron.service.reservation.TestReservationCancel.testCancelCompReservation,TEST SKIPPED,248,31,0,0,218,
com.agilysys.qa.gridIron.service.reservation.TestReservationCancel.wrapperAfterMethod,CONFIG PASS,249,31,0,0,218,
com.agilysys.qa.gridIron.service.reservation.TestReservationCancel.testCancelPackageReservationOverrideFlatCancellationCharge,TEST SKIPPED,249,31,0,0,219,
com.agilysys.qa.gridIron.service.reservation.TestReservationCancel.wrapperAfterMethod,CONFIG PASS,250,31,0,0,219,
com.agilysys.qa.gridIron.service.reservation.TestReservationCancel.testCancelReservationCancellationChargeMatchToDepositPolicy,TEST SKIPPED,250,31,0,0,220,
com.agilysys.qa.gridIron.service.reservation.TestReservationCancel.wrapperAfterMethod,CONFIG PASS,251,31,0,0,220,
com.agilysys.qa.gridIron.service.reservation.TestReservationCancel.testCancelReservationChangePolicy,TEST SKIPPED,251,31,0,0,221,
com.agilysys.qa.gridIron.service.reservation.TestReservationCancel.wrapperAfterMethod,CONFIG PASS,252,31,0,0,221,
com.agilysys.qa.gridIron.service.reservation.TestReservationCancel.testCancelReservationOverridePercentageCancellationCharge,TEST SKIPPED,252,31,0,0,222,
com.agilysys.qa.gridIron.service.reservation.TestReservationCancel.wrapperAfterMethod,CONFIG PASS,253,31,0,0,222,
com.agilysys.qa.gridIron.service.reservation.TestReservationCancel.testCancelReservationWithCardPaymentTwoNightCancellationFee,TEST SKIPPED,253,31,0,0,223,
com.agilysys.qa.gridIron.service.reservation.TestReservationCancel.wrapperAfterMethod,CONFIG PASS,254,31,0,0,223,
com.agilysys.qa.gridIron.service.reservation.TestReservationCancel.testCancelReservationWithCashPaymentFlatFee,TEST SKIPPED,254,31,0,0,224,
com.agilysys.qa.gridIron.service.reservation.TestReservationCancel.wrapperAfterMethod,CONFIG PASS,255,31,0,0,224,
com.agilysys.qa.gridIron.service.reservation.TestReservationCancel.defaultAfterClass,CONFIG PASS,256,31,0,0,224,
com.agilysys.qa.gridIron.service.account.TestReservationRoutingRuleAndTransfer.afterSuite,CONFIG PASS,257,31,0,0,224,
